codigo,titulo,secao,grupo,tipo,colada,repetidas
FWC00,Logotipo da Panini,FIFA World Cup 2026,,Especial,0,0
FWC1,Emblema Oficial (Parte 1),FIFA World Cup 2026,,Especial,0,0
FWC2,Emblema Oficial (Parte 2),FIFA World Cup 2026,,Especial,0,0
FWC3,Mascotes Oficiais,FIFA World Cup 2026,,Especial,0,0
FWC4,Slogan Oficial,FIFA World Cup 2026,,Especial,0,0
FWC5,Bola Oficial,FIFA World Cup 2026,,Especial,1,0
FWC6,Escudo do Canada (Pais-Sede),FIFA World Cup 2026,,Especial,0,0
FWC7,Escudo do Mexico (Pais-Sede),FIFA World Cup 2026,,Especial,1,0
FWC8,Escudo dos EUA (Pais-Sede),FIFA World Cup 2026,,Especial,0,0
FWC9,Italia 1934,FIFA World Cup 2026,,Especial,0,0
FWC10,Uruguai 1950,FIFA World Cup 2026,,Especial,1,0
FWC11,Alemanha 1954,FIFA World Cup 2026,,Especial,0,0
FWC12,Brasil 1962,FIFA World Cup 2026,,Especial,0,0
FWC13,Alemanha 1974,FIFA World Cup 2026,,Especial,0,0
FWC14,Argentina 1986,FIFA World Cup 2026,,Especial,0,0
FWC15,Brasil 1994,FIFA World Cup 2026,,Especial,0,0
FWC16,Brasil 2002,FIFA World Cup 2026,,Especial,0,0
FWC17,Italia 2006,FIFA World Cup 2026,,Especial,1,0
FWC18,Alemanha 2014,FIFA World Cup 2026,,Especial,0,0
FWC19,Argentina 2022,FIFA World Cup 2026,,Especial,0,0
MEX1,Escudo,Mexico,Grupo A,Especial,0,0
MEX2,Luis Malagon,Mexico,Grupo A,Comum,0,0
MEX3,Johan Vasquez,Mexico,Grupo A,Comum,0,0
MEX4,Jorge Sanchez,Mexico,Grupo A,Comum,0,0
MEX5,Cesar Montes,Mexico,Grupo A,Comum,0,0
MEX6,Jesus Gallardo,Mexico,Grupo A,Comum,0,0
MEX7,Israel Reyes,Mexico,Grupo A,Comum,0,0
MEX8,Diego Lainez,Mexico,Grupo A,Comum,0,0
MEX9,Carlos Rodriguez,Mexico,Grupo A,Comum,0,0
MEX10,Edson Alvarez,Mexico,Grupo A,Comum,1,0
MEX11,Orbelin Pineda,Mexico,Grupo A,Comum,1,0
MEX12,Marcel Ruiz,Mexico,Grupo A,Comum,0,0
MEX13,Foto da Equipe,Mexico,Grupo A,Comum,1,0
MEX14,Erick Sanchez,Mexico,Grupo A,Comum,1,0
MEX15,Hirving Lozano,Mexico,Grupo A,Comum,0,0
MEX16,Santiago Gimenez,Mexico,Grupo A,Comum,1,0
MEX17,Raul Jimenez,Mexico,Grupo A,Comum,0,0
MEX18,Alexis Vega,Mexico,Grupo A,Comum,0,0
MEX19,Roberto Alvarado,Mexico,Grupo A,Comum,0,0
MEX20,Cesar Huerta,Mexico,Grupo A,Comum,1,0
RSA1,Escudo,Africa do Sul,Grupo A,Especial,0,0
RSA2,Ronwen Williams,Africa do Sul,Grupo A,Comum,0,0
RSA3,Sipho Chaine,Africa do Sul,Grupo A,Comum,0,0
RSA4,Aubrey Modiba,Africa do Sul,Grupo A,Comum,0,0
RSA5,Samukele Kabini,Africa do Sul,Grupo A,Comum,0,0
RSA6,Mbekezeli Mbokazi,Africa do Sul,Grupo A,Comum,0,0
RSA7,Khulumani Ndamane,Africa do Sul,Grupo A,Comum,0,0
RSA8,Siyabonga Ngezana,Africa do Sul,Grupo A,Comum,1,0
RSA9,Khuliso Mudau,Africa do Sul,Grupo A,Comum,0,0
RSA10,Nkosinathi Sibisi,Africa do Sul,Grupo A,Comum,1,1
RSA11,Teboho Mokoena,Africa do Sul,Grupo A,Comum,0,0
RSA12,Thalente Mbatha,Africa do Sul,Grupo A,Comum,0,0
RSA13,Foto da Equipe,Africa do Sul,Grupo A,Comum,1,0
RSA14,Bathasi Aubaas,Africa do Sul,Grupo A,Comum,0,0
RSA15,Yaya Sithole,Africa do Sul,Grupo A,Comum,0,0
RSA16,Sipho Mbule,Africa do Sul,Grupo A,Comum,0,0
RSA17,Lyle Foster,Africa do Sul,Grupo A,Comum,0,0
RSA18,Iqraam Rayners,Africa do Sul,Grupo A,Comum,0,0
RSA19,Mohau Nkota,Africa do Sul,Grupo A,Comum,1,0
RSA20,Oswin Appollis,Africa do Sul,Grupo A,Comum,1,0
KOR1,Escudo,Coreia do Sul,Grupo A,Especial,0,0
KOR2,Hyeon-woo Jo,Coreia do Sul,Grupo A,Comum,0,0
KOR3,Seung-Gyu Kim,Coreia do Sul,Grupo A,Comum,1,0
KOR4,Min-jae Kim,Coreia do Sul,Grupo A,Comum,0,0
KOR5,Yu-min Cho,Coreia do Sul,Grupo A,Comum,0,0
KOR6,Young-woo Seol,Coreia do Sul,Grupo A,Comum,0,0
KOR7,Han-beom Lee,Coreia do Sul,Grupo A,Comum,0,0
KOR8,Tae-seok Lee,Coreia do Sul,Grupo A,Comum,0,0
KOR9,Myung-jae Lee,Coreia do Sul,Grupo A,Comum,0,0
KOR10,Jae-sung Lee,Coreia do Sul,Grupo A,Comum,0,0
KOR11,In-beom Hwang,Coreia do Sul,Grupo A,Comum,0,0
KOR12,Kang-in Lee,Coreia do Sul,Grupo A,Comum,0,0
KOR13,Foto da Equipe,Coreia do Sul,Grupo A,Comum,0,0
KOR14,Seung-ho Paik,Coreia do Sul,Grupo A,Comum,0,0
KOR15,Jens Castrop,Coreia do Sul,Grupo A,Comum,0,0
KOR16,Dongg-yeong Lee,Coreia do Sul,Grupo A,Comum,0,0
KOR17,Gue-sung Cho,Coreia do Sul,Grupo A,Comum,0,0
KOR18,Heung-min Son,Coreia do Sul,Grupo A,Comum,0,0
KOR19,Hee-chan Hwang,Coreia do Sul,Grupo A,Comum,0,0
KOR20,Hyeon-Gyu Oh,Coreia do Sul,Grupo A,Comum,0,0
CZE1,Escudo,Republica Tcheca,Grupo A,Especial,0,0
CZE2,Matej Kovar,Republica Tcheca,Grupo A,Comum,0,0
CZE3,Jindrich Stanek,Republica Tcheca,Grupo A,Comum,0,0
CZE4,Ladislav Krejci,Republica Tcheca,Grupo A,Comum,0,0
CZE5,Vladimir Coufal,Republica Tcheca,Grupo A,Comum,0,0
CZE6,Jaroslav Zeleny,Republica Tcheca,Grupo A,Comum,1,0
CZE7,Tomas Holes,Republica Tcheca,Grupo A,Comum,0,0
CZE8,David Zima,Republica Tcheca,Grupo A,Comum,1,0
CZE9,Michal Sadilek,Republica Tcheca,Grupo A,Comum,0,0
CZE10,Lukas Provod,Republica Tcheca,Grupo A,Comum,1,0
CZE11,Lukas Cerv,Republica Tcheca,Grupo A,Comum,0,0
CZE12,Tomas Soucek,Republica Tcheca,Grupo A,Comum,1,0
CZE13,Foto da Equipe,Republica Tcheca,Grupo A,Comum,0,0
CZE14,Pavel Sulc,Republica Tcheca,Grupo A,Comum,0,0
CZE15,Matej Vydra,Republica Tcheca,Grupo A,Comum,1,0
CZE16,Vasil Kusej,Republica Tcheca,Grupo A,Comum,0,0
CZE17,Tomas Chory,Republica Tcheca,Grupo A,Comum,0,0
CZE18,Vacilav Cerny,Republica Tcheca,Grupo A,Comum,0,0
CZE19,Adam Hlozek,Republica Tcheca,Grupo A,Comum,0,0
CZE20,Patrik Schick,Republica Tcheca,Grupo A,Comum,0,0
CAN1,Escudo,Canada,Grupo B,Especial,0,0
CAN2,Dayne St.Clair,Canada,Grupo B,Comum,0,0
CAN3,Alphonso Davies,Canada,Grupo B,Comum,1,0
CAN4,Alistair Johnston,Canada,Grupo B,Comum,1,0
CAN5,Samuel Adekugbe,Canada,Grupo B,Comum,1,0
CAN6,Riche Larvea,Canada,Grupo B,Comum,0,0
CAN7,Derek Cornelius,Canada,Grupo B,Comum,0,0
CAN8,Moise Bombito,Canada,Grupo B,Comum,1,0
CAN9,Kamal Miller,Canada,Grupo B,Comum,1,0
CAN10,Stephen Eustaquio,Canada,Grupo B,Comum,1,0
CAN11,Ismael Kone,Canada,Grupo B,Comum,0,0
CAN12,Jonathan Osorio,Canada,Grupo B,Comum,0,0
CAN13,Foto da Equipe,Canada,Grupo B,Comum,0,0
CAN14,Jacob Shaffelburg,Canada,Grupo B,Comum,0,0
CAN15,Mathieu Choiniere,Canada,Grupo B,Comum,0,0
CAN16,Niko Sigur,Canada,Grupo B,Comum,1,0
CAN17,Tajon Buchanan,Canada,Grupo B,Comum,0,0
CAN18,Liam Millar,Canada,Grupo B,Comum,0,0
CAN19,Cyle Larin,Canada,Grupo B,Comum,0,0
CAN20,Jonathan David,Canada,Grupo B,Comum,1,0
BIH1,Escudo,Bosnia,Grupo B,Especial,0,0
BIH2,Nikola Vasilj,Bosnia,Grupo B,Comum,0,0
BIH3,Amer Dedic,Bosnia,Grupo B,Comum,0,0
BIH4,Sead Kolasinac,Bosnia,Grupo B,Comum,0,0
BIH5,Tarik Muharemovic,Bosnia,Grupo B,Comum,1,0
BIH6,Nihad Mujakic,Bosnia,Grupo B,Comum,0,0
BIH7,Nikola Katic,Bosnia,Grupo B,Comum,0,0
BIH8,Amir Hadziahmetovic,Bosnia,Grupo B,Comum,0,0
BIH9,Benjamin Tahirovic,Bosnia,Grupo B,Comum,0,0
BIH10,Armin Gigovic,Bosnia,Grupo B,Comum,1,0
BIH11,Ivan Sunjic,Bosnia,Grupo B,Comum,0,0
BIH12,Ivan Basic,Bosnia,Grupo B,Comum,1,0
BIH13,Foto da Equipe,Bosnia,Grupo B,Comum,0,0
BIH14,Dzenis Burnic,Bosnia,Grupo B,Comum,0,0
BIH15,Esmir Bajraktarevic,Bosnia,Grupo B,Comum,0,0
BIH16,Amar Memic,Bosnia,Grupo B,Comum,0,0
BIH17,Ermedin Demirovic,Bosnia,Grupo B,Comum,0,0
BIH18,Edin Dzeko,Bosnia,Grupo B,Comum,0,0
BIH19,Samed Bazdar,Bosnia,Grupo B,Comum,0,0
BIH20,Haris Tabakovic,Bosnia,Grupo B,Comum,0,0
QAT1,Escudo,Qatar,Grupo B,Especial,0,0
QAT2,Meshaal Barsham,Qatar,Grupo B,Comum,0,0
QAT3,Sultan Albrake,Qatar,Grupo B,Comum,0,0
QAT4,Lucas Mendes,Qatar,Grupo B,Comum,0,0
QAT5,Homam Ahmed,Qatar,Grupo B,Comum,0,0
QAT6,Boualem Khoukhi,Qatar,Grupo B,Comum,0,0
QAT7,Pedro Miguel,Qatar,Grupo B,Comum,0,0
QAT8,Tarek Salman,Qatar,Grupo B,Comum,0,0
QAT9,Mohamed Al-Mannai,Qatar,Grupo B,Comum,0,0
QAT10,Karim Boudiaf,Qatar,Grupo B,Comum,1,0
QAT11,Assim Madibo,Qatar,Grupo B,Comum,0,0
QAT12,Ahmed Fatehi,Qatar,Grupo B,Comum,0,0
QAT13,Foto da Equipe,Qatar,Grupo B,Comum,1,0
QAT14,Mohammed Waad,Qatar,Grupo B,Comum,0,0
QAT15,Abdulaziz Hatem,Qatar,Grupo B,Comum,0,0
QAT16,Hassan Al-Haydos,Qatar,Grupo B,Comum,1,0
QAT17,Edmilson Junior,Qatar,Grupo B,Comum,0,0
QAT18,Akram Hassan Afif,Qatar,Grupo B,Comum,0,0
QAT19,Ahmed Al Ganehi,Qatar,Grupo B,Comum,0,0
QAT20,Almoez Ali,Qatar,Grupo B,Comum,0,0
SUI1,Escudo,Suica,Grupo B,Especial,0,0
SUI2,Gregor Kobel,Suica,Grupo B,Comum,1,0
SUI3,Yvon Mvogo,Suica,Grupo B,Comum,0,0
SUI4,Manuel Akanji,Suica,Grupo B,Comum,1,0
SUI5,Ricardo Rodriguez,Suica,Grupo B,Comum,0,0
SUI6,Nico Elvedi,Suica,Grupo B,Comum,0,0
SUI7,Aurele Amenda,Suica,Grupo B,Comum,0,0
SUI8,Silvan Widmer,Suica,Grupo B,Comum,1,0
SUI9,Granit Xhaka,Suica,Grupo B,Comum,0,0
SUI10,Denis Zakaria,Suica,Grupo B,Comum,0,0
SUI11,Remo Freuler,Suica,Grupo B,Comum,0,0
SUI12,Fabian Rieder,Suica,Grupo B,Comum,1,0
SUI13,Foto da Equipe,Suica,Grupo B,Comum,1,0
SUI14,Ardon Jashari,Suica,Grupo B,Comum,0,0
SUI15,Johan Manzambi,Suica,Grupo B,Comum,1,0
SUI16,Michel Aebischer,Suica,Grupo B,Comum,0,0
SUI17,Breel Embolo,Suica,Grupo B,Comum,0,0
SUI18,Ruben Vargas,Suica,Grupo B,Comum,0,0
SUI19,Dan Ndoye,Suica,Grupo B,Comum,0,0
SUI20,Zeki Amdouni,Suica,Grupo B,Comum,0,0
BRA1,Escudo,Brasil,Grupo C,Especial,0,0
BRA2,Alisson,Brasil,Grupo C,Comum,1,0
BRA3,Bento,Brasil,Grupo C,Comum,0,0
BRA4,Marquinhos,Brasil,Grupo C,Comum,1,0
BRA5,Eder Militao,Brasil,Grupo C,Comum,1,0
BRA6,Gabriel Magalhaes,Brasil,Grupo C,Comum,1,0
BRA7,Danilo,Brasil,Grupo C,Comum,0,0
BRA8,Wesley,Brasil,Grupo C,Comum,1,0
BRA9,Lucas Paqueta,Brasil,Grupo C,Comum,0,0
BRA10,Casemiro,Brasil,Grupo C,Comum,1,0
BRA11,Bruno Guimaraes,Brasil,Grupo C,Comum,1,0
BRA12,Luiz Henrique,Brasil,Grupo C,Comum,0,0
BRA13,Foto da Equipe,Brasil,Grupo C,Comum,0,0
BRA14,Vinicius Junior,Brasil,Grupo C,Comum,1,0
BRA15,Rodrygo,Brasil,Grupo C,Comum,1,0
BRA16,Joao Pedro,Brasil,Grupo C,Comum,0,0
BRA17,Matheus Cunha,Brasil,Grupo C,Comum,0,0
BRA18,Gabriel Martinelli,Brasil,Grupo C,Comum,0,0
BRA19,Raphinha,Brasil,Grupo C,Comum,0,0
BRA20,Estevao,Brasil,Grupo C,Comum,0,0
MAR1,Escudo,Marrocos,Grupo C,Especial,1,0
MAR2,Yassine Bounou,Marrocos,Grupo C,Comum,0,0
MAR3,Munir El Kajoui,Marrocos,Grupo C,Comum,0,0
MAR4,Achraf Hakimi,Marrocos,Grupo C,Comum,0,0
MAR5,Noussair Mazraoui,Marrocos,Grupo C,Comum,0,0
MAR6,Nayef Aguerd,Marrocos,Grupo C,Comum,0,0
MAR7,Roman Saiss,Marrocos,Grupo C,Comum,0,0
MAR8,Jawad El Yamio,Marrocos,Grupo C,Comum,0,0
MAR9,Adam Masina,Marrocos,Grupo C,Comum,0,0
MAR10,Sofyan Amrabat,Marrocos,Grupo C,Comum,0,0
MAR11,Azzedine Ounahi,Marrocos,Grupo C,Comum,1,0
MAR12,Eliesse Ben Seghir,Marrocos,Grupo C,Comum,0,0
MAR13,Foto da Equipe,Marrocos,Grupo C,Comum,0,0
MAR14,Bilal El Khannouss,Marrocos,Grupo C,Comum,0,0
MAR15,Ismael Saibari,Marrocos,Grupo C,Comum,0,0
MAR16,Youssef En-Nesyri,Marrocos,Grupo C,Comum,0,0
MAR17,Abde Ezzalzouli,Marrocos,Grupo C,Comum,0,0
MAR18,Soufiane Rahimi,Marrocos,Grupo C,Comum,0,0
MAR19,Brahim Diaz,Marrocos,Grupo C,Comum,0,0
MAR20,Ayoub El Kaabi,Marrocos,Grupo C,Comum,0,0
HAI1,Escudo,Haiti,Grupo C,Especial,0,0
HAI2,Johny Placide,Haiti,Grupo C,Comum,1,0
HAI3,Carlens Arcus,Haiti,Grupo C,Comum,0,0
HAI4,Martin Experience,Haiti,Grupo C,Comum,0,0
HAI5,Jean-Kevin Duverne,Haiti,Grupo C,Comum,1,0
HAI6,Ricardo Ade,Haiti,Grupo C,Comum,0,0
HAI7,Duke Lacroix,Haiti,Grupo C,Comum,0,0
HAI8,Garven Metusala,Haiti,Grupo C,Comum,0,0
HAI9,Hannes Delcroix,Haiti,Grupo C,Comum,1,0
HAI10,Leverton Pierre,Haiti,Grupo C,Comum,0,0
HAI11,Danley Jean Jacques,Haiti,Grupo C,Comum,0,0
HAI12,Jean-Ricner Bellegarde,Haiti,Grupo C,Comum,1,0
HAI13,Foto da Equipe,Haiti,Grupo C,Comum,0,0
HAI14,Christopher Attys,Haiti,Grupo C,Comum,1,0
HAI15,Derrick Etienne Jr.,Haiti,Grupo C,Comum,0,0
HAI16,Josue Casimir,Haiti,Grupo C,Comum,0,0
HAI17,Ruben Providence,Haiti,Grupo C,Comum,0,0
HAI18,Duckens Nazon,Haiti,Grupo C,Comum,0,0
HAI19,Louicius Deedson,Haiti,Grupo C,Comum,1,0
HAI20,Frantzdy Pierrot,Haiti,Grupo C,Comum,0,0
SCO1,Escudo,Escocia,Grupo C,Especial,0,0
SCO2,Angus Gunn,Escocia,Grupo C,Comum,0,0
SCO3,Jack Hendry,Escocia,Grupo C,Comum,0,0
SCO4,Kieran Tierney,Escocia,Grupo C,Comum,0,0
SCO5,Aaron Hickey,Escocia,Grupo C,Comum,0,0
SCO6,Andrew Robertson,Escocia,Grupo C,Comum,0,0
SCO7,Scott McKenna,Escocia,Grupo C,Comum,0,0
SCO8,John Souttar,Escocia,Grupo C,Comum,1,0
SCO9,Anthony Ralston,Escocia,Grupo C,Comum,0,0
SCO10,Grant Hanley,Escocia,Grupo C,Comum,0,0
SCO11,Scott McTominay,Escocia,Grupo C,Comum,0,0
SCO12,Billy Gilmour,Escocia,Grupo C,Comum,1,0
SCO13,Foto da Equipe,Escocia,Grupo C,Comum,0,0
SCO14,Lewis Ferguson,Escocia,Grupo C,Comum,0,0
SCO15,Ryan Christie,Escocia,Grupo C,Comum,0,0
SCO16,Kenny McLean,Escocia,Grupo C,Comum,1,0
SCO17,John McGinn,Escocia,Grupo C,Comum,0,0
SCO18,Lyndon Dykes,Escocia,Grupo C,Comum,0,0
SCO19,Che Adams,Escocia,Grupo C,Comum,1,0
SCO20,Ben Gannon-Doak,Escocia,Grupo C,Comum,1,0
USA1,Escudo,Estados Unidos,Grupo D,Especial,0,0
USA2,Math Freese,Estados Unidos,Grupo D,Comum,0,0
USA3,Chris Richards,Estados Unidos,Grupo D,Comum,0,0
USA4,Tim Ream,Estados Unidos,Grupo D,Comum,0,0
USA5,Mark McKenzie,Estados Unidos,Grupo D,Comum,0,0
USA6,Alex Freeman,Estados Unidos,Grupo D,Comum,0,0
USA7,Antonee Robinson,Estados Unidos,Grupo D,Comum,0,0
USA8,Tyler Adams,Estados Unidos,Grupo D,Comum,0,0
USA9,Tanner Tessmann,Estados Unidos,Grupo D,Comum,1,0
USA10,Weston McKenny,Estados Unidos,Grupo D,Comum,0,0
USA11,Christian Roldan,Estados Unidos,Grupo D,Comum,1,0
USA12,Timothy Weah,Estados Unidos,Grupo D,Comum,0,0
USA13,Foto da Equipe,Estados Unidos,Grupo D,Comum,0,0
USA14,Diego Luna,Estados Unidos,Grupo D,Comum,0,0
USA15,Malim Tillman,Estados Unidos,Grupo D,Comum,0,0
USA16,Christian Pulisic,Estados Unidos,Grupo D,Comum,0,0
USA17,Brenden Aaronson,Estados Unidos,Grupo D,Comum,0,0
USA18,Ricardo Pepi,Estados Unidos,Grupo D,Comum,0,0
USA19,Haji Wright,Estados Unidos,Grupo D,Comum,0,0
USA20,Folarin Balogun,Estados Unidos,Grupo D,Comum,1,0
PAR1,Escudo,Paraguai,Grupo D,Especial,0,0
PAR2,Roberto Fernandez,Paraguai,Grupo D,Comum,1,0
PAR3,Orlando Gill,Paraguai,Grupo D,Comum,1,0
PAR4,Gustavo Gomez,Paraguai,Grupo D,Comum,0,0
PAR5,Fabian Balbuena,Paraguai,Grupo D,Comum,0,0
PAR6,Juan Jose Caceres,Paraguai,Grupo D,Comum,0,0
PAR7,Omar Alderete,Paraguai,Grupo D,Comum,0,0
PAR8,Junior Alonso,Paraguai,Grupo D,Comum,1,1
PAR9,Mathias Villasanti,Paraguai,Grupo D,Comum,0,0
PAR10,Diego Gomez,Paraguai,Grupo D,Comum,1,1
PAR11,Damian Bobadilla,Paraguai,Grupo D,Comum,0,0
PAR12,Andres Cubas,Paraguai,Grupo D,Comum,0,0
PAR13,Foto da Equipe,Paraguai,Grupo D,Comum,0,0
PAR14,Matias Galarza Fonda,Paraguai,Grupo D,Comum,1,0
PAR15,Julio Enciso,Paraguai,Grupo D,Comum,0,0
PAR16,Alejandro Romero Gamarra,Paraguai,Grupo D,Comum,0,0
PAR17,Miguel Almiron,Paraguai,Grupo D,Comum,1,0
PAR18,Ramon Sosa,Paraguai,Grupo D,Comum,0,0
PAR19,Angel Romero,Paraguai,Grupo D,Comum,0,0
PAR20,Antonio Sanabria,Paraguai,Grupo D,Comum,0,0
AUS1,Escudo,Australia,Grupo D,Especial,0,0
AUS2,Mathew Ryan,Australia,Grupo D,Comum,0,0
AUS3,Joe Gauci,Australia,Grupo D,Comum,0,0
AUS4,Harry Souttar,Australia,Grupo D,Comum,0,0
AUS5,Alessandro Circati,Australia,Grupo D,Comum,1,0
AUS6,Jordan Bos,Australia,Grupo D,Comum,1,0
AUS7,Aziz Behich,Australia,Grupo D,Comum,0,0
AUS8,Cameron Burgess,Australia,Grupo D,Comum,0,0
AUS9,Lewis Miller,Australia,Grupo D,Comum,0,0
AUS10,Milos Degenek,Australia,Grupo D,Comum,0,0
AUS11,Jackson Irvine,Australia,Grupo D,Comum,0,0
AUS12,Riley McGree,Australia,Grupo D,Comum,0,0
AUS13,Foto da Equipe,Australia,Grupo D,Comum,0,0
AUS14,Aiden O'Neill,Australia,Grupo D,Comum,0,0
AUS15,Connor Metcalfe,Australia,Grupo D,Comum,0,0
AUS16,Patrick Yazbek,Australia,Grupo D,Comum,1,0
AUS17,Craig Goodwin,Australia,Grupo D,Comum,0,0
AUS18,Kusini Vengi,Australia,Grupo D,Comum,1,0
AUS19,Nestory Irankunda,Australia,Grupo D,Comum,1,0
AUS20,Mohamed Toure,Australia,Grupo D,Comum,1,0
TUR1,Escudo,Turquia,Grupo D,Especial,0,0
TUR2,Ugurcan Cakir,Turquia,Grupo D,Comum,1,0
TUR3,Mert Muldur,Turquia,Grupo D,Comum,0,0
TUR4,Zeki Celik,Turquia,Grupo D,Comum,0,0
TUR5,Abdulkerim Bardakci,Turquia,Grupo D,Comum,0,0
TUR6,Caglar Soyunku,Turquia,Grupo D,Comum,0,0
TUR7,Merih Demiral,Turquia,Grupo D,Comum,0,0
TUR8,Ferdi Kadioglu,Turquia,Grupo D,Comum,0,0
TUR9,Kaan Ayhan,Turquia,Grupo D,Comum,0,0
TUR10,Ismail Yuksek,Turquia,Grupo D,Comum,0,0
TUR11,Hakan Calhanoglu,Turquia,Grupo D,Comum,0,0
TUR12,Orkun Kokcu,Turquia,Grupo D,Comum,0,0
TUR13,Foto da Equipe,Turquia,Grupo D,Comum,0,0
TUR14,Arda Guler,Turquia,Grupo D,Comum,0,0
TUR15,Irfan Can Kahvecu,Turquia,Grupo D,Comum,0,0
TUR16,Yunus Akgun,Turquia,Grupo D,Comum,0,0
TUR17,Can Uzun,Turquia,Grupo D,Comum,0,0
TUR18,Baris Alper Yilmaz,Turquia,Grupo D,Comum,0,0
TUR19,Kerem Akturkoglu,Turquia,Grupo D,Comum,0,0
TUR20,Kenan Yildiz,Turquia,Grupo D,Comum,0,0
GER1,Escudo,Alemanha,Grupo E,Especial,1,0
GER2,Marc-Andre ter Stegen,Alemanha,Grupo E,Comum,1,0
GER3,Jonathan Tah,Alemanha,Grupo E,Comum,0,0
GER4,David Raum,Alemanha,Grupo E,Comum,0,0
GER5,Nico Schlotterbeck,Alemanha,Grupo E,Comum,0,0
GER6,Antonio Rudiger,Alemanha,Grupo E,Comum,0,0
GER7,Waldemar Anton,Alemanha,Grupo E,Comum,0,0
GER8,Ridle Baku,Alemanha,Grupo E,Comum,0,0
GER9,Maximilian Mittelstadt,Alemanha,Grupo E,Comum,0,0
GER10,Joshua Kimmich,Alemanha,Grupo E,Comum,0,0
GER11,Florian Wirtz,Alemanha,Grupo E,Comum,1,0
GER12,Felix Nmecha,Alemanha,Grupo E,Comum,0,0
GER13,Foto da Equipe,Alemanha,Grupo E,Comum,1,0
GER14,Leon Goretzka,Alemanha,Grupo E,Comum,1,0
GER15,Jamal Musiala,Alemanha,Grupo E,Comum,0,0
GER16,Serge Gnabry,Alemanha,Grupo E,Comum,0,0
GER17,Kai Havertz,Alemanha,Grupo E,Comum,0,0
GER18,Leroy Sane,Alemanha,Grupo E,Comum,0,0
GER19,Karim Adeyemi,Alemanha,Grupo E,Comum,0,0
GER20,Nick Woltemade,Alemanha,Grupo E,Comum,0,0
CUW1,Escudo,Curacao,Grupo E,Especial,0,0
CUW2,Eloy Room,Curacao,Grupo E,Comum,1,0
CUW3,Armando Obispo,Curacao,Grupo E,Comum,0,0
CUW4,Sherel Floranus,Curacao,Grupo E,Comum,0,0
CUW5,Jurien Gaari,Curacao,Grupo E,Comum,0,0
CUW6,Joshua Brenet,Curacao,Grupo E,Comum,0,0
CUW7,Roshon Van Eijma,Curacao,Grupo E,Comum,0,0
CUW8,Shurandy Sambo,Curacao,Grupo E,Comum,0,0
CUW9,Livano Comenencia,Curacao,Grupo E,Comum,0,0
CUW10,Godfried Roemeratoe,Curacao,Grupo E,Comum,1,0
CUW11,Juninho Bacuna,Curacao,Grupo E,Comum,0,0
CUW12,Leandro Bacuna,Curacao,Grupo E,Comum,0,0
CUW13,Foto da Equipe,Curacao,Grupo E,Comum,0,0
CUW14,Tahith Chong,Curacao,Grupo E,Comum,0,0
CUW15,Kenji Gorre,Curacao,Grupo E,Comum,0,0
CUW16,Jearl Margaritha,Curacao,Grupo E,Comum,0,0
CUW17,Jurgen Locadia,Curacao,Grupo E,Comum,0,0
CUW18,Jeremy Antonisse,Curacao,Grupo E,Comum,0,0
CUW19,Gervane Kastaneer,Curacao,Grupo E,Comum,1,0
CUW20,Sontje Hansen,Curacao,Grupo E,Comum,0,0
CIV1,Escudo,Costa do Marfim,Grupo E,Especial,1,0
CIV2,Yahia Fofana,Costa do Marfim,Grupo E,Comum,1,0
CIV3,Ghislain Konan,Costa do Marfim,Grupo E,Comum,0,0
CIV4,Wilfried Singo,Costa do Marfim,Grupo E,Comum,1,0
CIV5,Odilon Kossounou,Costa do Marfim,Grupo E,Comum,0,0
CIV6,Evan Ndicka,Costa do Marfim,Grupo E,Comum,0,0
CIV7,Willy Boly,Costa do Marfim,Grupo E,Comum,1,0
CIV8,Emmanuel Agbadou,Costa do Marfim,Grupo E,Comum,0,0
CIV9,Ousmane Diomande,Costa do Marfim,Grupo E,Comum,0,0
CIV10,Franck Kessie,Costa do Marfim,Grupo E,Comum,0,0
CIV11,Seko Fofana,Costa do Marfim,Grupo E,Comum,1,0
CIV12,Ibrahim Sangare,Costa do Marfim,Grupo E,Comum,1,0
CIV13,Foto da Equipe,Costa do Marfim,Grupo E,Comum,0,0
CIV14,Jean-Philippe Gbamin,Costa do Marfim,Grupo E,Comum,0,0
CIV15,Amad Diallo,Costa do Marfim,Grupo E,Comum,0,0
CIV16,Sebastien Haller,Costa do Marfim,Grupo E,Comum,0,0
CIV17,Simon Adringa,Costa do Marfim,Grupo E,Comum,0,0
CIV18,Yan Diomande,Costa do Marfim,Grupo E,Comum,1,0
CIV19,Evann Guessand,Costa do Marfim,Grupo E,Comum,0,0
CIV20,Oumar Diakite,Costa do Marfim,Grupo E,Comum,1,0
ECU1,Escudo,Equador,Grupo E,Especial,0,0
ECU2,Hernan Galindez,Equador,Grupo E,Comum,0,0
ECU3,Gonzalo Valle,Equador,Grupo E,Comum,1,0
ECU4,Piero Hincapie,Equador,Grupo E,Comum,1,0
ECU5,Pervis Estupinan,Equador,Grupo E,Comum,1,0
ECU6,Willian Pacho,Equador,Grupo E,Comum,1,0
ECU7,Angelo Preciado,Equador,Grupo E,Comum,1,0
ECU8,Joel Ordonez,Equador,Grupo E,Comum,0,0
ECU9,Moises Caicedo,Equador,Grupo E,Comum,0,0
ECU10,Alan Franco,Equador,Grupo E,Comum,0,0
ECU11,Kendry Paez,Equador,Grupo E,Comum,0,0
ECU12,Pedro Vite,Equador,Grupo E,Comum,0,0
ECU13,Foto da Equipe,Equador,Grupo E,Comum,0,0
ECU14,John Veboah,Equador,Grupo E,Comum,1,0
ECU15,Leonardo Campana,Equador,Grupo E,Comum,0,0
ECU16,Gonzalo Plata,Equador,Grupo E,Comum,0,0
ECU17,Nilson Angulo,Equador,Grupo E,Comum,0,0
ECU18,Alan Minda,Equador,Grupo E,Comum,0,0
ECU19,Kevin Rodriguez,Equador,Grupo E,Comum,0,0
ECU20,Enner Valencia,Equador,Grupo E,Comum,0,0
NED1,Escudo,Holanda,Grupo F,Especial,0,0
NED2,Bart Verbruggen,Holanda,Grupo F,Comum,0,0
NED3,Virgil Van Dijk,Holanda,Grupo F,Comum,0,0
NED4,Micky van de Ven,Holanda,Grupo F,Comum,0,0
NED5,Jurien Timber,Holanda,Grupo F,Comum,0,0
NED6,Denzel Dumfries,Holanda,Grupo F,Comum,0,0
NED7,Nathan Ake,Holanda,Grupo F,Comum,0,0
NED8,Jereme Frimpong,Holanda,Grupo F,Comum,0,0
NED9,Jan Paul van Hecke,Holanda,Grupo F,Comum,0,0
NED10,Tijjani Reijnders,Holanda,Grupo F,Comum,0,0
NED11,Ryan Gravenberch,Holanda,Grupo F,Comum,1,0
NED12,Teun Koopmeiners,Holanda,Grupo F,Comum,1,0
NED13,Foto da Equipe,Holanda,Grupo F,Comum,0,0
NED14,Frenkie de Jong,Holanda,Grupo F,Comum,1,0
NED15,Xavi Simons,Holanda,Grupo F,Comum,0,0
NED16,Justin Kluivert,Holanda,Grupo F,Comum,1,0
NED17,Memphis Depay,Holanda,Grupo F,Comum,1,1
NED18,Donyell Malen,Holanda,Grupo F,Comum,0,0
NED19,Wout Weghorst,Holanda,Grupo F,Comum,0,0
NED20,Cody Gakpo,Holanda,Grupo F,Comum,0,0
JPN1,Escudo,Japao,Grupo F,Especial,0,0
JPN2,Zion Suzuki,Japao,Grupo F,Comum,0,0
JPN3,Henry Heroki Mochizuki,Japao,Grupo F,Comum,0,0
JPN4,Ayumu Seko,Japao,Grupo F,Comum,0,0
JPN5,Junnosuke Suzuki,Japao,Grupo F,Comum,0,0
JPN6,Shogo Taniguchi,Japao,Grupo F,Comum,0,0
JPN7,Tsuyoshi Watanabe,Japao,Grupo F,Comum,0,0
JPN8,Kaishu Sano,Japao,Grupo F,Comum,1,0
JPN9,Yuki Soma,Japao,Grupo F,Comum,0,0
JPN10,Ao Tanaka,Japao,Grupo F,Comum,0,0
JPN11,Daichi Kamada,Japao,Grupo F,Comum,0,0
JPN12,Takefusa Kubo,Japao,Grupo F,Comum,1,0
JPN13,Foto da Equipe,Japao,Grupo F,Comum,0,0
JPN14,Ritsu Doan,Japao,Grupo F,Comum,0,0
JPN15,Keito Nakamura,Japao,Grupo F,Comum,0,0
JPN16,Takumi Minamino,Japao,Grupo F,Comum,1,0
JPN17,Shuto Machino,Japao,Grupo F,Comum,0,0
JPN18,Junya Ito,Japao,Grupo F,Comum,0,0
JPN19,Koki Ogawa,Japao,Grupo F,Comum,0,0
JPN20,Ayase Ueda,Japao,Grupo F,Comum,0,0
SWE1,Escudo,Suecia,Grupo F,Especial,0,0
SWE2,Victor Johansson,Suecia,Grupo F,Comum,1,0
SWE3,Isak Hien,Suecia,Grupo F,Comum,0,0
SWE4,Gabriel Gudmundsson,Suecia,Grupo F,Comum,0,0
SWE5,Emil Holm,Suecia,Grupo F,Comum,0,0
SWE6,Victor Nilsson Lindelof,Suecia,Grupo F,Comum,0,0
SWE7,Gustaf Lagerbielke,Suecia,Grupo F,Comum,0,0
SWE8,Lucas Bergvall,Suecia,Grupo F,Comum,0,0
SWE9,Hugo Larsson,Suecia,Grupo F,Comum,0,0
SWE10,Jesper Karlstrom,Suecia,Grupo F,Comum,0,0
SWE11,Yasin Ayari,Suecia,Grupo F,Comum,0,0
SWE12,Mattias Svanberg,Suecia,Grupo F,Comum,0,0
SWE13,Foto da Equipe,Suecia,Grupo F,Comum,0,0
SWE14,Daniel Svensson,Suecia,Grupo F,Comum,0,0
SWE15,Ken Sema,Suecia,Grupo F,Comum,0,0
SWE16,Roony Bardghji,Suecia,Grupo F,Comum,0,0
SWE17,Dejan Kulusevski,Suecia,Grupo F,Comum,1,0
SWE18,Anthony Elanga,Suecia,Grupo F,Comum,0,0
SWE19,Alexander Isak,Suecia,Grupo F,Comum,0,0
SWE20,Viktor Gyokeres,Suecia,Grupo F,Comum,0,0
TUN1,Escudo,Tunisia,Grupo F,Especial,0,0
TUN2,Bechir Ben Said,Tunisia,Grupo F,Comum,1,0
TUN3,Aymen Dahmen,Tunisia,Grupo F,Comum,0,0
TUN4,Van Valery,Tunisia,Grupo F,Comum,0,0
TUN5,Montassar Talbi,Tunisia,Grupo F,Comum,0,0
TUN6,Yassine Meriah,Tunisia,Grupo F,Comum,0,0
TUN7,Ali Abdi,Tunisia,Grupo F,Comum,0,0
TUN8,Dylan Bronn,Tunisia,Grupo F,Comum,1,0
TUN9,Ellyes Skhiri,Tunisia,Grupo F,Comum,1,0
TUN10,Aissa Laidouni,Tunisia,Grupo F,Comum,0,0
TUN11,Ferjani Sassi,Tunisia,Grupo F,Comum,0,0
TUN12,Mohamed Ali Ben Romdhane,Tunisia,Grupo F,Comum,0,0
TUN13,Foto da Equipe,Tunisia,Grupo F,Comum,0,0
TUN14,Hannibal Mejbri,Tunisia,Grupo F,Comum,0,0
TUN15,Elias Achouri,Tunisia,Grupo F,Comum,1,1
TUN16,Elias Saad,Tunisia,Grupo F,Comum,0,0
TUN17,Hazem Mastouri,Tunisia,Grupo F,Comum,0,0
TUN18,Ismael Gharbi,Tunisia,Grupo F,Comum,0,0
TUN19,Sayfallah Ltaief,Tunisia,Grupo F,Comum,0,0
TUN20,Naim Sliti,Tunisia,Grupo F,Comum,0,0
BEL1,Escudo,Belgica,Grupo G,Especial,0,0
BEL2,Thibaut Courtois,Belgica,Grupo G,Comum,0,0
BEL3,Arthur Theate,Belgica,Grupo G,Comum,0,0
BEL4,Timothy Castagne,Belgica,Grupo G,Comum,0,0
BEL5,Zeno Debast,Belgica,Grupo G,Comum,0,0
BEL6,Brandon Mechele,Belgica,Grupo G,Comum,0,0
BEL7,Maxim De Cuyper,Belgica,Grupo G,Comum,0,0
BEL8,Thomas Meunier,Belgica,Grupo G,Comum,0,0
BEL9,Youri Tieleman,Belgica,Grupo G,Comum,0,0
BEL10,Amadou Onana,Belgica,Grupo G,Comum,0,0
BEL11,Nicolas Raskin,Belgica,Grupo G,Comum,1,0
BEL12,Alexis Saelemaekers,Belgica,Grupo G,Comum,0,0
BEL13,Foto da Equipe,Belgica,Grupo G,Comum,0,0
BEL14,Hans Vanaken,Belgica,Grupo G,Comum,0,0
BEL15,Kevin De Bruyne,Belgica,Grupo G,Comum,0,0
BEL16,Jeremy Doku,Belgica,Grupo G,Comum,0,0
BEL17,Charles De Ketelaere,Belgica,Grupo G,Comum,0,0
BEL18,Leandro Trossard,Belgica,Grupo G,Comum,0,0
BEL19,Lois Openda,Belgica,Grupo G,Comum,0,0
BEL20,Romelu Lukaku,Belgica,Grupo G,Comum,0,0
EGY1,Escudo,Egito,Grupo G,Especial,0,0
EGY2,Mohamed El Shenawy,Egito,Grupo G,Comum,0,0
EGY3,Mohamed Hany,Egito,Grupo G,Comum,0,0
EGY4,Mohamed Hamdy,Egito,Grupo G,Comum,1,0
EGY5,Yasser Ibrahim,Egito,Grupo G,Comum,0,0
EGY6,Khaled Sobhi,Egito,Grupo G,Comum,0,0
EGY7,Ramy Rabia,Egito,Grupo G,Comum,1,0
EGY8,Hossam Abdelmaguid,Egito,Grupo G,Comum,1,0
EGY9,Ahmed Fatouh,Egito,Grupo G,Comum,0,0
EGY10,Marwan Attia,Egito,Grupo G,Comum,0,0
EGY11,Zizo,Egito,Grupo G,Comum,1,0
EGY12,Hamdy Fathy,Egito,Grupo G,Comum,1,0
EGY13,Foto da Equipe,Egito,Grupo G,Comum,0,0
EGY14,Mohamed Lasheen,Egito,Grupo G,Comum,0,0
EGY15,Emam Ashour,Egito,Grupo G,Comum,1,0
EGY16,Osama Faisal,Egito,Grupo G,Comum,0,0
EGY17,Mohamed Salah,Egito,Grupo G,Comum,1,0
EGY18,Mostafa Mohamed,Egito,Grupo G,Comum,0,0
EGY19,Trezeguet,Egito,Grupo G,Comum,0,0
EGY20,Omar Marsmoush,Egito,Grupo G,Comum,1,0
IRN1,Escudo,Ira,Grupo G,Especial,0,0
IRN2,Alirez Beiranvand,Ira,Grupo G,Comum,0,0
IRN3,Morteza Pouraliganji,Ira,Grupo G,Comum,1,0
IRN4,Ehsan Hajsafi,Ira,Grupo G,Comum,0,0
IRN5,Milad Mohammadi,Ira,Grupo G,Comum,0,0
IRN6,Shojae Khalilzadeh,Ira,Grupo G,Comum,1,0
IRN7,Ramin Rezaeian,Ira,Grupo G,Comum,0,0
IRN8,Hossein Kanaani,Ira,Grupo G,Comum,0,0
IRN9,Sadegh Moharrami,Ira,Grupo G,Comum,0,0
IRN10,Saleh Hardani,Ira,Grupo G,Comum,0,0
IRN11,Saeed Ezatolahi,Ira,Grupo G,Comum,0,0
IRN12,Saman Ghoddos,Ira,Grupo G,Comum,0,0
IRN13,Foto da Equipe,Ira,Grupo G,Comum,1,0
IRN14,Omid Noorafkan,Ira,Grupo G,Comum,0,0
IRN15,Roozbeh Cheshmi,Ira,Grupo G,Comum,0,0
IRN16,Mohammad Mohebi,Ira,Grupo G,Comum,0,0
IRN17,Sardar Azmoun,Ira,Grupo G,Comum,1,0
IRN18,Mehdi Taremi,Ira,Grupo G,Comum,0,0
IRN19,Alireza Jahanbakhsh,Ira,Grupo G,Comum,1,0
IRN20,Ali Gholizadeh,Ira,Grupo G,Comum,0,0
NZL1,Escudo,Nova Zelandia,Grupo G,Especial,0,0
NZL2,Max Crocombe Payne,Nova Zelandia,Grupo G,Comum,1,1
NZL3,Alex Paulsen,Nova Zelandia,Grupo G,Comum,0,0
NZL4,Michael Boxall,Nova Zelandia,Grupo G,Comum,0,0
NZL5,Liberato Cacace,Nova Zelandia,Grupo G,Comum,1,0
NZL6,Tim Payne,Nova Zelandia,Grupo G,Comum,0,0
NZL7,Tyler Bindon,Nova Zelandia,Grupo G,Comum,0,0
NZL8,Francis de Vries,Nova Zelandia,Grupo G,Comum,0,0
NZL9,Finn Surman,Nova Zelandia,Grupo G,Comum,1,0
NZL10,Joe Bell,Nova Zelandia,Grupo G,Comum,1,0
NZL11,Sarpreet Singh,Nova Zelandia,Grupo G,Comum,0,0
NZL12,Ryan Thomas,Nova Zelandia,Grupo G,Comum,0,0
NZL13,Foto da Equipe,Nova Zelandia,Grupo G,Comum,1,0
NZL14,Matthew Garbett,Nova Zelandia,Grupo G,Comum,0,0
NZL15,Marko Stamenic,Nova Zelandia,Grupo G,Comum,0,0
NZL16,Ben Old,Nova Zelandia,Grupo G,Comum,1,0
NZL17,Chris Wood,Nova Zelandia,Grupo G,Comum,0,0
NZL18,Elijah Just,Nova Zelandia,Grupo G,Comum,1,0
NZL19,Callum McCowatt,Nova Zelandia,Grupo G,Comum,0,0
NZL20,Kosta Barbarouses,Nova Zelandia,Grupo G,Comum,0,0
ESP1,Escudo,Espanha,Grupo H,Especial,0,0
ESP2,Unai Simon,Espanha,Grupo H,Comum,0,0
ESP3,Robin Le Normand,Espanha,Grupo H,Comum,0,0
ESP4,Aymeric Laporte,Espanha,Grupo H,Comum,0,0
ESP5,Dean Huijsen,Espanha,Grupo H,Comum,0,0
ESP6,Pedro Porro,Espanha,Grupo H,Comum,1,0
ESP7,Dani Carvajal,Espanha,Grupo H,Comum,0,0
ESP8,Marc Cucurella,Espanha,Grupo H,Comum,0,0
ESP9,Martin Zubimendi,Espanha,Grupo H,Comum,0,0
ESP10,Rodri,Espanha,Grupo H,Comum,0,0
ESP11,Pedri,Espanha,Grupo H,Comum,0,0
ESP12,Fabian Ruiz,Espanha,Grupo H,Comum,0,0
ESP13,Foto da Equipe,Espanha,Grupo H,Comum,0,0
ESP14,Mikel Merino,Espanha,Grupo H,Comum,0,0
ESP15,Lamine Yamal,Espanha,Grupo H,Comum,0,0
ESP16,Dani Olmo,Espanha,Grupo H,Comum,0,0
ESP17,Nico Williams,Espanha,Grupo H,Comum,0,0
ESP18,Ferran Torres,Espanha,Grupo H,Comum,1,0
ESP19,Alvaro Morata,Espanha,Grupo H,Comum,0,0
ESP20,Mikel Oyarzabal,Espanha,Grupo H,Comum,1,0
CPV1,Escudo,Cabo Verde,Grupo H,Especial,0,0
CPV2,Vozinha,Cabo Verde,Grupo H,Comum,0,0
CPV3,Logan Costa,Cabo Verde,Grupo H,Comum,0,0
CPV4,Pico,Cabo Verde,Grupo H,Comum,1,0
CPV5,Diney,Cabo Verde,Grupo H,Comum,1,0
CPV6,Steven Moreira,Cabo Verde,Grupo H,Comum,0,0
CPV7,Wagner Pina,Cabo Verde,Grupo H,Comum,1,1
CPV8,Joao Paulo,Cabo Verde,Grupo H,Comum,1,0
CPV9,Yannick Semedo,Cabo Verde,Grupo H,Comum,1,0
CPV10,Kevin Pina,Cabo Verde,Grupo H,Comum,0,0
CPV11,Patrick Andrade,Cabo Verde,Grupo H,Comum,0,0
CPV12,Jamiro Monteiro,Cabo Verde,Grupo H,Comum,0,0
CPV13,Foto da Equipe,Cabo Verde,Grupo H,Comum,0,0
CPV14,Deroy Duarte,Cabo Verde,Grupo H,Comum,0,0
CPV15,Garry Rodrigues,Cabo Verde,Grupo H,Comum,0,0
CPV16,Jovane Cabral,Cabo Verde,Grupo H,Comum,1,0
CPV17,Ryan Mendes,Cabo Verde,Grupo H,Comum,0,0
CPV18,Dailon Livramento,Cabo Verde,Grupo H,Comum,0,0
CPV19,Willy Semedo,Cabo Verde,Grupo H,Comum,0,0
CPV20,Bebe,Cabo Verde,Grupo H,Comum,0,0
KSA1,Escudo,Arabia Saudita,Grupo H,Especial,0,0
KSA2,Nawaf Alaqidi,Arabia Saudita,Grupo H,Comum,0,0
KSA3,Abdulrahman Al-Sanbi,Arabia Saudita,Grupo H,Comum,0,0
KSA4,Saud Abdulhamid,Arabia Saudita,Grupo H,Comum,0,0
KSA5,Nawaf Bouwashl,Arabia Saudita,Grupo H,Comum,0,0
KSA6,Jihad Thakri,Arabia Saudita,Grupo H,Comum,0,0
KSA7,Moteb Al-Harbi,Arabia Saudita,Grupo H,Comum,0,0
KSA8,Hassan Altambakti,Arabia Saudita,Grupo H,Comum,1,0
KSA9,Musab Aljuwayr,Arabia Saudita,Grupo H,Comum,0,0
KSA10,Ziyad Aljohani,Arabia Saudita,Grupo H,Comum,1,0
KSA11,Abdullah Alkhaibari,Arabia Saudita,Grupo H,Comum,0,0
KSA12,Nasser Aldawsari,Arabia Saudita,Grupo H,Comum,1,0
KSA13,Foto da Equipe,Arabia Saudita,Grupo H,Comum,0,0
KSA14,Saleh Abu Alshamat,Arabia Saudita,Grupo H,Comum,1,0
KSA15,Marwan Alsahafi,Arabia Saudita,Grupo H,Comum,0,0
KSA16,Salem Aldawsari,Arabia Saudita,Grupo H,Comum,1,0
KSA17,Abdulrahman Al-Aboud,Arabia Saudita,Grupo H,Comum,0,0
KSA18,Feras Akbrikan,Arabia Saudita,Grupo H,Comum,1,0
KSA19,Saleh Alshehri,Arabia Saudita,Grupo H,Comum,0,0
KSA20,Abdullah Al-Hamdan,Arabia Saudita,Grupo H,Comum,1,0
URU1,Escudo,Uruguai,Grupo H,Especial,0,0
URU2,Sergio Rochet,Uruguai,Grupo H,Comum,0,0
URU3,Santiago Mele,Uruguai,Grupo H,Comum,1,0
URU4,Ronald Araujo,Uruguai,Grupo H,Comum,0,0
URU5,Jose Maria Gimenez,Uruguai,Grupo H,Comum,0,0
URU6,Sebastian Caceres,Uruguai,Grupo H,Comum,1,0
URU7,Mathias Olivera,Uruguai,Grupo H,Comum,0,0
URU8,Guillermo Varela,Uruguai,Grupo H,Comum,0,0
URU9,Nahitan Nandez,Uruguai,Grupo H,Comum,1,0
URU10,Federico Valverde,Uruguai,Grupo H,Comum,0,0
URU11,Giorgian De Arrascaeta,Uruguai,Grupo H,Comum,1,0
URU12,Rodrigo Bentancur,Uruguai,Grupo H,Comum,0,0
URU13,Foto da Equipe,Uruguai,Grupo H,Comum,0,0
URU14,Manuel Ugarte,Uruguai,Grupo H,Comum,1,0
URU15,Nicolas de la Cruz,Uruguai,Grupo H,Comum,0,0
URU16,Maxi Araujo,Uruguai,Grupo H,Comum,0,0
URU17,Darwin Nunez,Uruguai,Grupo H,Comum,0,0
URU18,Federico Vinas,Uruguai,Grupo H,Comum,0,0
URU19,Rodrigo Aguirre,Uruguai,Grupo H,Comum,0,0
URU20,Facundo Pellistri,Uruguai,Grupo H,Comum,1,0
FRA1,Escudo,Franca,Grupo I,Especial,0,0
FRA2,Mike Maignan,Franca,Grupo I,Comum,0,0
FRA3,Theo Hernandez,Franca,Grupo I,Comum,0,0
FRA4,William Saliba,Franca,Grupo I,Comum,1,0
FRA5,Jules Kounde,Franca,Grupo I,Comum,1,0
FRA6,Ibrahima Konate,Franca,Grupo I,Comum,0,0
FRA7,Dayot Upamecano,Franca,Grupo I,Comum,0,0
FRA8,Lucas Digne,Franca,Grupo I,Comum,0,0
FRA9,Aurelien Tchouameni,Franca,Grupo I,Comum,1,0
FRA10,Eduardo Camavinga,Franca,Grupo I,Comum,0,0
FRA11,Manu Kone,Franca,Grupo I,Comum,1,0
FRA12,Adrien Rabiot,Franca,Grupo I,Comum,0,0
FRA13,Foto da Equipe,Franca,Grupo I,Comum,0,0
FRA14,Michael Olise,Franca,Grupo I,Comum,0,0
FRA15,Ousmane Dembele,Franca,Grupo I,Comum,0,0
FRA16,Bradley Barcola,Franca,Grupo I,Comum,0,0
FRA17,Desire Doue,Franca,Grupo I,Comum,0,0
FRA18,Kingsley Coman,Franca,Grupo I,Comum,0,0
FRA19,Hugo Ekitike,Franca,Grupo I,Comum,1,0
FRA20,Kylian Mbappe,Franca,Grupo I,Comum,0,0
SEN1,Escudo,Senegal,Grupo I,Especial,0,0
SEN2,Eduardo Mendy,Senegal,Grupo I,Comum,0,0
SEN3,Yehvann Diouf,Senegal,Grupo I,Comum,0,0
SEN4,Moussa Niakhate,Senegal,Grupo I,Comum,0,0
SEN5,Abdoulaye Seck,Senegal,Grupo I,Comum,0,0
SEN6,Ismail Jakobs,Senegal,Grupo I,Comum,1,0
SEN7,El Hadji Malick Diouf,Senegal,Grupo I,Comum,0,0
SEN8,Kalidou Koulibaly,Senegal,Grupo I,Comum,1,0
SEN9,Idrissa Gana Gueye,Senegal,Grupo I,Comum,0,0
SEN10,Pape Matar Sarr,Senegal,Grupo I,Comum,0,0
SEN11,Pape Gueye,Senegal,Grupo I,Comum,0,0
SEN12,Habib Diarra,Senegal,Grupo I,Comum,0,0
SEN13,Foto da Equipe,Senegal,Grupo I,Comum,0,0
SEN14,Lamine Camara,Senegal,Grupo I,Comum,0,0
SEN15,Sadio Mane,Senegal,Grupo I,Comum,1,0
SEN16,Ismaila Sarr,Senegal,Grupo I,Comum,0,0
SEN17,Boulaye Dia,Senegal,Grupo I,Comum,0,0
SEN18,Iliman Ndiaye,Senegal,Grupo I,Comum,0,0
SEN19,Nicolas Jackson,Senegal,Grupo I,Comum,0,0
SEN20,Krepin Diatta,Senegal,Grupo I,Comum,0,0
IRQ1,Escudo,Iraque,Grupo I,Especial,0,0
IRQ2,Jalal Hassan,Iraque,Grupo I,Comum,0,0
IRQ3,Rebin Sulaka,Iraque,Grupo I,Comum,0,0
IRQ4,Hussein Ali,Iraque,Grupo I,Comum,1,0
IRQ5,Akam Hashem,Iraque,Grupo I,Comum,0,0
IRQ6,Merchas Doski,Iraque,Grupo I,Comum,1,0
IRQ7,Zaid Tahseen,Iraque,Grupo I,Comum,0,0
IRQ8,Manaf Younis,Iraque,Grupo I,Comum,1,0
IRQ9,Zidane Iqbal,Iraque,Grupo I,Comum,0,0
IRQ10,Amir Al-Ammari,Iraque,Grupo I,Comum,0,0
IRQ11,Ibrahim Bavesh,Iraque,Grupo I,Comum,1,0
IRQ12,Ali Jasim,Iraque,Grupo I,Comum,0,0
IRQ13,Foto da Equipe,Iraque,Grupo I,Comum,1,0
IRQ14,Youssef Amyn,Iraque,Grupo I,Comum,0,0
IRQ15,Aimar Sher,Iraque,Grupo I,Comum,0,0
IRQ16,Marko Farji,Iraque,Grupo I,Comum,0,0
IRQ17,Osama Rashid,Iraque,Grupo I,Comum,0,0
IRQ18,Ali Al-Hamadi,Iraque,Grupo I,Comum,1,0
IRQ19,Aymen Hussein,Iraque,Grupo I,Comum,0,0
IRQ20,Mohanad Ali,Iraque,Grupo I,Comum,0,0
NOR1,Escudo,Noruega,Grupo I,Especial,0,0
NOR2,Orjan Nyland,Noruega,Grupo I,Comum,0,0
NOR3,Julian Ryerson,Noruega,Grupo I,Comum,0,0
NOR4,Leo Ostigard,Noruega,Grupo I,Comum,0,0
NOR5,Kristoffer Vassbakk Ajer,Noruega,Grupo I,Comum,1,0
NOR6,Marcus Holmgren Pedersen,Noruega,Grupo I,Comum,0,0
NOR7,David Mller Wolfe,Noruega,Grupo I,Comum,0,0
NOR8,Torbjrn Heggem,Noruega,Grupo I,Comum,0,0
NOR9,Morten Thorsby,Noruega,Grupo I,Comum,0,0
NOR10,Martin degaard,Noruega,Grupo I,Comum,0,0
NOR11,Sander Berge,Noruega,Grupo I,Comum,0,0
NOR12,Andreas Schjelderup,Noruega,Grupo I,Comum,1,0
NOR13,Foto da Equipe,Noruega,Grupo I,Comum,0,0
NOR14,Patrick Berg,Noruega,Grupo I,Comum,0,0
NOR15,Erling Haaland,Noruega,Grupo I,Comum,1,0
NOR16,Alexander Srloth,Noruega,Grupo I,Comum,1,0
NOR17,Aron Dnnum,Noruega,Grupo I,Comum,0,0
NOR18,Jorgen Strand Larsen,Noruega,Grupo I,Comum,0,0
NOR19,Antonio Nusa,Noruega,Grupo I,Comum,1,0
NOR20,Oscar Bobb,Noruega,Grupo I,Comum,0,0
ARG1,Escudo,Argentina,Grupo J,Especial,0,0
ARG2,Emiliano Martinez,Argentina,Grupo J,Comum,0,0
ARG3,Nahuel Molina,Argentina,Grupo J,Comum,0,0
ARG4,Cristian Romero,Argentina,Grupo J,Comum,0,0
ARG5,Nicolas Otamendi,Argentina,Grupo J,Comum,0,0
ARG6,Nicolas Tagliafico,Argentina,Grupo J,Comum,1,0
ARG7,Leonardo Balerdi,Argentina,Grupo J,Comum,0,0
ARG8,Enzo Fernandez,Argentina,Grupo J,Comum,0,0
ARG9,Alexis Mac Allister,Argentina,Grupo J,Comum,0,0
ARG10,Rodrigo De Paul,Argentina,Grupo J,Comum,0,0
ARG11,Exequiel Palacios,Argentina,Grupo J,Comum,1,0
ARG12,Leandro Paredes,Argentina,Grupo J,Comum,0,0
ARG13,Foto da Equipe,Argentina,Grupo J,Comum,0,0
ARG14,Nico Paz,Argentina,Grupo J,Comum,1,0
ARG15,Franco Mastantuono,Argentina,Grupo J,Comum,0,0
ARG16,Nico Gonzalez,Argentina,Grupo J,Comum,0,0
ARG17,Lionel Messi,Argentina,Grupo J,Comum,0,0
ARG18,Lautaro Martinez,Argentina,Grupo J,Comum,0,0
ARG19,Julian Alvarez,Argentina,Grupo J,Comum,0,0
ARG20,Giuliano Simeone,Argentina,Grupo J,Comum,0,0
ALG1,Escudo,Argelia,Grupo J,Especial,0,0
ALG2,Alexis Guendouz,Argelia,Grupo J,Comum,1,0
ALG3,Ramy Bensebaini,Argelia,Grupo J,Comum,1,0
ALG4,Youcef Atal,Argelia,Grupo J,Comum,0,0
ALG5,Rayan Ait-Nouri,Argelia,Grupo J,Comum,0,0
ALG6,Mohamed Amine Tougai,Argelia,Grupo J,Comum,0,0
ALG7,Aissa Mandi,Argelia,Grupo J,Comum,0,0
ALG8,Ismael Bennacer,Argelia,Grupo J,Comum,0,0
ALG9,Houssem Aquar,Argelia,Grupo J,Comum,0,0
ALG10,Hicham Boudaoui,Argelia,Grupo J,Comum,1,0
ALG11,Ramiz Zerrouki,Argelia,Grupo J,Comum,0,0
ALG12,Nabil Bentalab,Argelia,Grupo J,Comum,0,0
ALG13,Foto da Equipe,Argelia,Grupo J,Comum,0,0
ALG14,Fares Chaibi,Argelia,Grupo J,Comum,0,0
ALG15,Riyad Mahrez,Argelia,Grupo J,Comum,0,0
ALG16,Said Benrhama,Argelia,Grupo J,Comum,0,0
ALG17,Anis Hadj Moussa,Argelia,Grupo J,Comum,0,0
ALG18,Amine Gouiri,Argelia,Grupo J,Comum,0,0
ALG19,Baghdad Bounedjah,Argelia,Grupo J,Comum,0,0
ALG20,Mohammed Amoura,Argelia,Grupo J,Comum,1,0
AUT1,Escudo,Austria,Grupo J,Especial,0,0
AUT2,Alexander Schlager,Austria,Grupo J,Comum,0,0
AUT3,Patrick Pentz,Austria,Grupo J,Comum,0,0
AUT4,David Alaba,Austria,Grupo J,Comum,1,0
AUT5,Kevin Danso,Austria,Grupo J,Comum,0,0
AUT6,Philipp Lienhart,Austria,Grupo J,Comum,1,0
AUT7,Stefan Bosch,Austria,Grupo J,Comum,1,0
AUT8,Phillipp Mwene,Austria,Grupo J,Comum,0,0
AUT9,Alexander Prass,Austria,Grupo J,Comum,0,0
AUT10,Xavier Schlager,Austria,Grupo J,Comum,0,0
AUT11,Marcel Sabitzer,Austria,Grupo J,Comum,0,0
AUT12,Konrad Laimer,Austria,Grupo J,Comum,0,0
AUT13,Foto da Equipe,Austria,Grupo J,Comum,0,0
AUT14,Florian Grillitsch,Austria,Grupo J,Comum,1,0
AUT15,Nicolas Seiwald,Austria,Grupo J,Comum,0,0
AUT16,Romano Schmid,Austria,Grupo J,Comum,0,0
AUT17,Patrick Wimmer,Austria,Grupo J,Comum,1,0
AUT18,Christoph Baumgartner,Austria,Grupo J,Comum,0,0
AUT19,Michael Gregoritsch,Austria,Grupo J,Comum,0,0
AUT20,Marko Arnautovic,Austria,Grupo J,Comum,0,0
JOR1,Escudo,Jordania,Grupo J,Especial,0,0
JOR2,Yazeed Abulaila,Jordania,Grupo J,Comum,0,0
JOR3,Ihsan Haddad,Jordania,Grupo J,Comum,0,0
JOR4,Mohammad Abu Hashish,Jordania,Grupo J,Comum,0,0
JOR5,Yazan Al-Arab,Jordania,Grupo J,Comum,0,0
JOR6,Abdallah Nasib,Jordania,Grupo J,Comum,0,0
JOR7,Saleem Obaid,Jordania,Grupo J,Comum,0,0
JOR8,Mohammad Abualnadi,Jordania,Grupo J,Comum,0,0
JOR9,Ibrahim Saadeh,Jordania,Grupo J,Comum,0,0
JOR10,Nizar Al-Rashdan,Jordania,Grupo J,Comum,1,0
JOR11,Noor Al-Rawabdeh,Jordania,Grupo J,Comum,0,0
JOR12,Mohannad Abu Taha,Jordania,Grupo J,Comum,0,0
JOR13,Foto da Equipe,Jordania,Grupo J,Comum,1,0
JOR14,Amer Jamous,Jordania,Grupo J,Comum,0,0
JOR15,Musa Al-Taamari,Jordania,Grupo J,Comum,0,0
JOR16,Yazan Al-Naimat,Jordania,Grupo J,Comum,1,0
JOR17,Mahmoud Al-Mardi,Jordania,Grupo J,Comum,1,0
JOR18,Ali Olwan,Jordania,Grupo J,Comum,0,0
JOR19,Mohammad Abu Zrayq,Jordania,Grupo J,Comum,0,0
JOR20,Ibrahim Sabra,Jordania,Grupo J,Comum,0,0
POR1,Escudo,Portugal,Grupo K,Especial,0,0
POR2,Diogo Costa,Portugal,Grupo K,Comum,0,0
POR3,Jose Sa,Portugal,Grupo K,Comum,0,0
POR4,Ruben Dias,Portugal,Grupo K,Comum,0,0
POR5,Joao Cancelo,Portugal,Grupo K,Comum,0,0
POR6,Diogo Dalot,Portugal,Grupo K,Comum,0,0
POR7,Nuno Mendes,Portugal,Grupo K,Comum,0,0
POR8,Goncalo Inacio,Portugal,Grupo K,Comum,0,0
POR9,Bernardo Silva,Portugal,Grupo K,Comum,0,0
POR10,Bruno Fernandes,Portugal,Grupo K,Comum,1,0
POR11,Ruben Neves,Portugal,Grupo K,Comum,0,0
POR12,Vitinha,Portugal,Grupo K,Comum,0,0
POR13,Foto da Equipe,Portugal,Grupo K,Comum,0,0
POR14,Joao Neves,Portugal,Grupo K,Comum,0,0
POR15,Cristiano Ronaldo,Portugal,Grupo K,Comum,0,0
POR16,Francisco Trincao,Portugal,Grupo K,Comum,0,0
POR17,Joao Felix,Portugal,Grupo K,Comum,1,0
POR18,Goncalo Ramos,Portugal,Grupo K,Comum,1,0
POR19,Pedro Neto,Portugal,Grupo K,Comum,1,0
POR20,Rafael Leao,Portugal,Grupo K,Comum,0,0
COD1,Escudo,RD Congo,Grupo K,Especial,0,0
COD2,Lionel Mpasi,RD Congo,Grupo K,Comum,0,0
COD3,Aaron Wan-Bissaka,RD Congo,Grupo K,Comum,0,0
COD4,Axel Tuanzebe,RD Congo,Grupo K,Comum,0,0
COD5,Arthur Masuaku,RD Congo,Grupo K,Comum,1,0
COD6,Chancel Mbemba,RD Congo,Grupo K,Comum,0,0
COD7,Joris Kayembe,RD Congo,Grupo K,Comum,0,0
COD8,Charles Pickel,RD Congo,Grupo K,Comum,0,0
COD9,Ngal'ayel Mukau,RD Congo,Grupo K,Comum,0,0
COD10,Edo Kayembe,RD Congo,Grupo K,Comum,0,0
COD11,Samuel Moutoussamy,RD Congo,Grupo K,Comum,0,0
COD12,Noah Sadiki,RD Congo,Grupo K,Comum,0,0
COD13,Foto da Equipe,RD Congo,Grupo K,Comum,1,0
COD14,Theo Bongonda,RD Congo,Grupo K,Comum,0,0
COD15,Meschak Elia,RD Congo,Grupo K,Comum,0,0
COD16,Yoane Wissa,RD Congo,Grupo K,Comum,0,0
COD17,Brian Cipenga,RD Congo,Grupo K,Comum,0,0
COD18,Fiston Mayele,RD Congo,Grupo K,Comum,1,0
COD19,Cedric Bakambu,RD Congo,Grupo K,Comum,0,0
COD20,Nathanael Mbuku,RD Congo,Grupo K,Comum,0,0
UZB1,Escudo,Uzbequistao,Grupo K,Especial,0,0
UZB2,Utkir Yusupov,Uzbequistao,Grupo K,Comum,0,0
UZB3,Farrukh Savfiev,Uzbequistao,Grupo K,Comum,1,0
UZB4,Sherzod Nasrullaev,Uzbequistao,Grupo K,Comum,0,0
UZB5,Umar Eshmurodov,Uzbequistao,Grupo K,Comum,0,0
UZB6,Husniddin Aliqulov,Uzbequistao,Grupo K,Comum,0,0
UZB7,Rustamjon Ashurmatov,Uzbequistao,Grupo K,Comum,0,0
UZB8,Khojiakbar Alijonov,Uzbequistao,Grupo K,Comum,0,0
UZB9,Abdukodir Khusanov,Uzbequistao,Grupo K,Comum,1,0
UZB10,Odiljon Hamrobekov,Uzbequistao,Grupo K,Comum,0,0
UZB11,Otabek Shukurov,Uzbequistao,Grupo K,Comum,0,0
UZB12,Jamshid Iskanderov,Uzbequistao,Grupo K,Comum,1,2
UZB13,Foto da Equipe,Uzbequistao,Grupo K,Comum,0,0
UZB14,Azizbek Turgunboev,Uzbequistao,Grupo K,Comum,0,0
UZB15,Khojimat Erkinov,Uzbequistao,Grupo K,Comum,0,0
UZB16,Eldor Shomurodov,Uzbequistao,Grupo K,Comum,0,0
UZB17,Oston Urunov,Uzbequistao,Grupo K,Comum,1,0
UZB18,Jaloliddin Masharipov,Uzbequistao,Grupo K,Comum,0,0
UZB19,Igor Sergeev,Uzbequistao,Grupo K,Comum,0,0
UZB20,Abbosbek Fayzullaev,Uzbequistao,Grupo K,Comum,0,0
COL1,Escudo,Colombia,Grupo K,Especial,0,0
COL2,Camilo Vargas,Colombia,Grupo K,Comum,0,0
COL3,David Ospina,Colombia,Grupo K,Comum,1,0
COL4,Davinson Sanchez,Colombia,Grupo K,Comum,0,0
COL5,Yerry Mina,Colombia,Grupo K,Comum,0,0
COL6,Daniel Munoz,Colombia,Grupo K,Comum,1,0
COL7,Johan Mojica,Colombia,Grupo K,Comum,0,0
COL8,Jhon Lucumi,Colombia,Grupo K,Comum,0,0
COL9,Santiago Arias,Colombia,Grupo K,Comum,0,0
COL10,Jefferson Lerma,Colombia,Grupo K,Comum,1,0
COL11,Kevin Castano,Colombia,Grupo K,Comum,0,0
COL12,Richard Rios,Colombia,Grupo K,Comum,1,0
COL13,Foto da Equipe,Colombia,Grupo K,Comum,0,0
COL14,James Rodriguez,Colombia,Grupo K,Comum,0,0
COL15,Juan Fernando Quintero,Colombia,Grupo K,Comum,0,0
COL16,Jorge Carrascal,Colombia,Grupo K,Comum,0,0
COL17,Jon Arias,Colombia,Grupo K,Comum,1,0
COL18,Jhon Cordova,Colombia,Grupo K,Comum,0,0
COL19,Luis Suarez,Colombia,Grupo K,Comum,1,0
COL20,Luis Diaz,Colombia,Grupo K,Comum,0,0
ENG1,Escudo,Inglaterra,Grupo L,Especial,0,0
ENG2,Jordan Pickford,Inglaterra,Grupo L,Comum,0,0
ENG3,John Stones,Inglaterra,Grupo L,Comum,1,1
ENG4,Maric Guehi,Inglaterra,Grupo L,Comum,1,0
ENG5,Ezri Konsa,Inglaterra,Grupo L,Comum,0,0
ENG6,Trent Alexander-Arnold,Inglaterra,Grupo L,Comum,0,0
ENG7,Reece James,Inglaterra,Grupo L,Comum,0,0
ENG8,Dan Burn,Inglaterra,Grupo L,Comum,1,0
ENG9,Jordan Henderson,Inglaterra,Grupo L,Comum,0,0
ENG10,Declan Rice,Inglaterra,Grupo L,Comum,0,0
ENG11,Jude Bellingham,Inglaterra,Grupo L,Comum,0,0
ENG12,Cole Palmer,Inglaterra,Grupo L,Comum,1,1
ENG13,Foto da Equipe,Inglaterra,Grupo L,Comum,0,0
ENG14,Morgan Rogers,Inglaterra,Grupo L,Comum,1,0
ENG15,Anthony Gordon,Inglaterra,Grupo L,Comum,0,0
ENG16,Phil Foden,Inglaterra,Grupo L,Comum,0,0
ENG17,Bukayo Saka,Inglaterra,Grupo L,Comum,0,0
ENG18,Harry Kane,Inglaterra,Grupo L,Comum,0,0
ENG19,Marcus Rashford,Inglaterra,Grupo L,Comum,0,0
ENG20,Ollie Watkins,Inglaterra,Grupo L,Comum,1,0
CRO1,Escudo,Croacia,Grupo L,Especial,0,0
CRO2,Dominik Livakovic,Croacia,Grupo L,Comum,1,0
CRO3,Duje Caleta-Car,Croacia,Grupo L,Comum,0,0
CRO4,Josko Gvardiol,Croacia,Grupo L,Comum,0,0
CRO5,Josip Stanisic,Croacia,Grupo L,Comum,0,0
CRO6,Luka Vuskovic,Croacia,Grupo L,Comum,0,0
CRO7,Josip Sutalo,Croacia,Grupo L,Comum,0,0
CRO8,Kristijan Jakic,Croacia,Grupo L,Comum,1,0
CRO9,Luka Modric,Croacia,Grupo L,Comum,0,0
CRO10,Mateo Kovacic,Croacia,Grupo L,Comum,0,0
CRO11,Martin Baturina,Croacia,Grupo L,Comum,0,0
CRO12,Lovro Majer,Croacia,Grupo L,Comum,1,0
CRO13,Foto da Equipe,Croacia,Grupo L,Comum,0,0
CRO14,Mario Pasalic,Croacia,Grupo L,Comum,0,0
CRO15,Petar Sucic,Croacia,Grupo L,Comum,0,0
CRO16,Ivan Perisic,Croacia,Grupo L,Comum,0,0
CRO17,Marco Pasalic,Croacia,Grupo L,Comum,0,0
CRO18,Ante Budimir,Croacia,Grupo L,Comum,0,0
CRO19,Andrej Kramaric,Croacia,Grupo L,Comum,0,0
CRO20,Franjo Ivanovic,Croacia,Grupo L,Comum,0,0
GHA1,Escudo,Gana,Grupo L,Especial,0,0
GHA2,Lawrence Ati Zigi,Gana,Grupo L,Comum,0,0
GHA3,Tariq Lamptey,Gana,Grupo L,Comum,0,0
GHA4,Mohammed Salisu,Gana,Grupo L,Comum,0,0
GHA5,Alidu Seidu,Gana,Grupo L,Comum,0,0
GHA6,Alexander Djiku,Gana,Grupo L,Comum,0,0
GHA7,Gideon Mensah,Gana,Grupo L,Comum,0,0
GHA8,Caleb Yirenkyi,Gana,Grupo L,Comum,0,0
GHA9,Abdul Issahaku Fatawu,Gana,Grupo L,Comum,0,0
GHA10,Thomas Partey,Gana,Grupo L,Comum,0,0
GHA11,Salis Abdul Samed,Gana,Grupo L,Comum,0,0
GHA12,Kamaldeen Sulemana,Gana,Grupo L,Comum,1,0
GHA13,Foto da Equipe,Gana,Grupo L,Comum,0,0
GHA14,Mohammed Kudus,Gana,Grupo L,Comum,0,0
GHA15,Inaki Williams,Gana,Grupo L,Comum,1,0
GHA16,Jordan Ayew,Gana,Grupo L,Comum,0,0
GHA17,Andrew Ayew,Gana,Grupo L,Comum,0,0
GHA18,Joseph Paintsil,Gana,Grupo L,Comum,0,0
GHA19,Osman Bukari,Gana,Grupo L,Comum,1,0
GHA20,Antoine Semenyo,Gana,Grupo L,Comum,0,0
PAN1,Escudo,Panama,Grupo L,Especial,0,0
PAN2,Orlando Mosquera,Panama,Grupo L,Comum,1,0
PAN3,Luis Mejia,Panama,Grupo L,Comum,0,0
PAN4,Fidel Escobar,Panama,Grupo L,Comum,0,0
PAN5,Andres Andrade,Panama,Grupo L,Comum,0,0
PAN6,Michael Amir Murillo,Panama,Grupo L,Comum,0,0
PAN7,Eric Davis,Panama,Grupo L,Comum,1,0
PAN8,Jose Cordoba,Panama,Grupo L,Comum,0,0
PAN9,Cesar Blackman,Panama,Grupo L,Comum,1,0
PAN10,Cristian Martinez,Panama,Grupo L,Comum,0,0
PAN11,Anibal Godoy,Panama,Grupo L,Comum,0,0
PAN12,Adalberto Carrasquilla,Panama,Grupo L,Comum,0,0
PAN13,Foto da Equipe,Panama,Grupo L,Comum,0,0
PAN14,Edgar Barcenas,Panama,Grupo L,Comum,0,0
PAN15,Carlos Harvey,Panama,Grupo L,Comum,0,0
PAN16,Ismael Diaz,Panama,Grupo L,Comum,1,0
PAN17,Jose Fajardo,Panama,Grupo L,Comum,1,0
PAN18,Cecilio Waterman,Panama,Grupo L,Comum,0,0
PAN19,Jose Luiz Rodriguez,Panama,Grupo L,Comum,0,0
PAN20,Alberto Quintero,Panama,Grupo L,Comum,0,0
